trial_id,treatment,outcome,events,n_safety,pct,grading_system
ZUMA-7,Axi-cel,crs_any,157,170,92.4,Modified Lee 2014
ZUMA-7,Axi-cel,crs_g3plus,11,170,6.5,Modified Lee 2014
ZUMA-7,Axi-cel,icans_any,102,170,60,CTCAE v4.03
ZUMA-7,Axi-cel,icans_g3plus,36,170,21.2,CTCAE v4.03
TRANSFORM,Lisocabtagene maraleucel (liso-cel),crs_any,45,92,48.9,Lee 2014
TRANSFORM,Lisocabtagene maraleucel (liso-cel),crs_g3plus,1,92,1.1,Lee 2014
TRANSFORM,Lisocabtagene maraleucel (liso-cel),icans_any,10,92,10.9,CTCAE v4.03
TRANSFORM,Lisocabtagene maraleucel (liso-cel),icans_g3plus,4,92,4.3,CTCAE v4.03
BELINDA,Tisagenlecleucel (tisa-cel),crs_any,95,155,61.3,Lee 2014
BELINDA,Tisagenlecleucel (tisa-cel),crs_g3plus,8,155,5.2,Lee 2014
BELINDA,Tisagenlecleucel (tisa-cel),icans_any,16,155,10.3,CTCAE v5.0
BELINDA,Tisagenlecleucel (tisa-cel),icans_g3plus,3,155,1.9,CTCAE v5.0
